CODVIA,CIVICO,BARRATO,X,Y,DENOMINAZIONE,CATEGORIA,GRADO,SOTTOTIPO,TIPO_U,MATRICE,NUM_ISCR,COD_SEDE,INDIRIZZO,TIPO,PARITARIA,NUM_CLASSI,TIPO_IST,ATTIVITA,MUNICIPIO,ID_NIL,NIL,LONG_X_4326,LAT_Y_4326,Location,ANNOSCOL,CODICE
1539,55,,1512581.819,5041068.321,IPAA,ISTRUZIONE,SCUOLE SECONDARIE DI SECONDO GRADO,ISTITUTO ISTRUZIONE SUPERIORE,STUDENTI,SERVIZI PUBBLICI ESISTENTI,116,4114,VIA LITTA MODIGNANI ALESSANDRO 55,STATALE,PARITARIA,7,ISTITUTO ISTRUZIONE SUPERIORE STATALE,DIURNO,9,81,BOVISASCA,9.160750514,45.52285476,"(45.5228547561716, 9.16075051361466)",,
5105,2,,1513468.534,5033623.417,IPIA G.FERRARIS-A.PACINOTTI,ISTRUZIONE,SCUOLE SECONDARIE DI SECONDO GRADO,ISTITUTO PROFESSIONALE,STUDENTI,SERVIZI PUBBLICI ESISTENTI,752,4004,VIA CARCHIDIO FRANCESCO 2,STATALE,PARITARIA,40,ISTITUTO PROFESSIONALE STATALE PER L'INDUSTRIA E L'ARTIGIANATO,DIURNO,1,7,MAGENTA - S. VITTORE,9.171900973,45.4558271,"(45.4558270996815, 9.17190097269766)",,
1296,11,,1513942.334,5038587.551,IPIA E.MARELLI,ISTRUZIONE,SCUOLE SECONDARIE DI SECONDO GRADO,ISTITUTO PROFESSIONALE,STUDENTI,SERVIZI PUBBLICI ESISTENTI,431,4008,VIA LIVIGNO 11,STATALE,PARITARIA,22,ISTITUTO PROFESSIONALE STATALE PER L'INDUSTRIA E L'ARTIGIANATO,DIURNO,9,79,DERGANO,9.178101036,45.50049979,"(45.5004997923619, 9.1781010362169)",,
1296,11,,1513942.334,5038587.551,IPIA E.MARELLI SERALE,ISTRUZIONE,SCUOLE SECONDARIE DI SECONDO GRADO,ISTITUTO PROFESSIONALE,STUDENTI,SERVIZI PUBBLICI ESISTENTI,99,4008,VIA LIVIGNO 11,STATALE,PARITARIA,5,ISTITUTO PROFESSIONALE STATALE PER L'INDUSTRIA E L'ARTIGIANATO,DIURNO,9,79,DERGANO,9.178101036,45.50049979,"(45.5004997923619, 9.1781010362169)",,
1313,30,,1514518.189,5038713.411,ITI GRAFICO PAVONIANO,ISTRUZIONE,SCUOLE SECONDARIE DI SECONDO GRADO,ISTITUTO TECNICO,STUDENTI,SERVIZI PRIVATI ESISTENTI,113,4011,VIA CRESPI BENIGNO 30,ENTE PRIVATO RELIGIOSO,PRIVATA PARITARIA,5,ISTITUTO TECNICO INDUSTRIALE,DIURNO,9,79,DERGANO,9.185475411,45.50162094,"(45.5016209396801, 9.18547541140928)",,
2306,11,,1516902.378,5037168.306,IPIA SETTEMBRINI,ISTRUZIONE,SCUOLE SECONDARIE DI SECONDO GRADO,ISTITUTO PROFESSIONALE,STUDENTI,SERVIZI PUBBLICI ESISTENTI,269,4073,VIA DELEDDA GRAZIA 11,STATALE,PARITARIA,13,ISTITUTO PROFESSIONALE STATALE PER L'INDUSTRIA E L'ARTIGIANATO,DIURNO,2,20,LORETO - CASORETTO - NOLO,9.215939349,45.48766005,"(45.4876600513183, 9.21593934907972)",,
2686,6,,1519474.473,5035938.561,IPIA CIVICO SERALE,ISTRUZIONE,SCUOLE SECONDARIE DI SECONDO GRADO,ISTITUTO PROFESSIONALE,STUDENTI,SERVIZI PUBBLICI ESISTENTI,42,4014,VIA RUBATTINO RAFFAELE 6,COMUNALE,PARITARIA,5,ISTITUTO PROFESSIONALE PER L'INDUSTRIA E L'ARTIGIANATO CIVICO SERALE,SERALE,3,23,LAMBRATE - ORTICA,9.248804646,45.47652436,"(45.4765243623872, 9.24880464567349)",,
2275,116,,1518070.203,5038111.766,IPIA G.CASATI,ISTRUZIONE,SCUOLE SECONDARIE DI SECONDO GRADO,ISTITUTO PROFESSIONALE,STUDENTI,SERVIZI PRIVATI ESISTENTI,86,4015,VIA PADOVA 116,ENTE PRIVATO LAICO,PRIVATA PARITARIA,5,ISTITUTO PROFESSIONALE PER L'INDUSTRIA E L'ARTIGIANATO,DIURNO,2,19,PADOVA - TURRO - CRESCENZAGO,9.230918151,45.49612286,"(45.4961228611882, 9.23091815094671)",,
6778,46,,1507162.004,5033931.142,IST. PROF. IND. ARTIGIANALE LUXEMBURG,ISTRUZIONE,SCUOLE SECONDARIE DI SECONDO GRADO,ISTITUTO PROFESSIONALE,STUDENTI,SERVIZI PUBBLICI ESISTENTI,375,4120,VIA CABELLA BARTOLOMEO 46,STATALE,PARITARIA,22,ISTITUTO PROFESSIONALE STATALE PER L'INDUSTRIA E L'ARTIGIANATO,DIURNO,7,55,BAGGIO - Q.RE DEGLI OLMI - Q.RE VALSESIA,9.091248416,45.45868961,"(45.458689607053, 9.09124841620807)",,
7165,4,,1512238.764,5036527.476,IPIA C.CORRENTI,ISTRUZIONE,SCUOLE SECONDARIE DI SECONDO GRADO,ISTITUTO PROFESSIONALE,STUDENTI,SERVIZI PUBBLICI ESISTENTI,369,4020,VIA ALCUINO 4,STATALE,PARITARIA,21,ISTITUTO PROFESSIONALE STATALE PER L'INDUSTRIA E L'ARTIGIANATO,DIURNO,8,67,PORTELLO,9.156244979,45.48198902,"(45.4819890205383, 9.15624497930706)",,
402,110,,1515481.783,5033515.322,IPSSCT L.V.BERTARELLI,ISTRUZIONE,SCUOLE SECONDARIE DI SECONDO GRADO,ISTITUTO PROFESSIONALE,STUDENTI,SERVIZI PUBBLICI ESISTENTI,583,4024,CSO DI PORTA ROMANA 110,STATALE,PARITARIA,27,ISTITUTO PROFESSIONALE STATALE PER I SERVIZI COMMERCIALI E TURISTICI,DIURNO,1,5,PORTA VIGENTINA - PORTA LODOVICA,9.197645817,45.45481256,"(45.4548125632904, 9.19764581678753)",,
402,110,,1515481.783,5033515.322,IPSSCT L.V.BERTARELLI SERALE,ISTRUZIONE,SCUOLE SECONDARIE DI SECONDO GRADO,ISTITUTO PROFESSIONALE,STUDENTI,SERVIZI PUBBLICI ESISTENTI,385,4024,CSO DI PORTA ROMANA 110,STATALE,PARITARIA,16,ISTITUTO PROFESSIONALE STATALE PER I SERVIZI COMMERCIALI E TURISTICI SERALE,SERALE,1,5,PORTA VIGENTINA - PORTA LODOVICA,9.197645817,45.45481256,"(45.4548125632904, 9.19764581678753)",,
5090,14,,1513411.009,5034086.017,IPSSCTS B.CAVALIERI,ISTRUZIONE,SCUOLE SECONDARIE DI SECONDO GRADO,ISTITUTO PROFESSIONALE,STUDENTI,SERVIZI PUBBLICI ESISTENTI,1004,4029,VIA OLONA 14,STATALE,PARITARIA,50,"ISTITUTO PROFESSIONALE STATALE PER I SERVIZI COMMERCIALI, TURISTIC E SOCIALII",DIURNO,1,7,MAGENTA - S. VITTORE,9.171177836,45.45999206,"(45.4599920612025, 9.17117783551856)",,
7118,9,,1513578.744,5036099.011,IPSSCT D.MARIGNONI-M.POLO,ISTRUZIONE,SCUOLE SECONDARIE DI SECONDO GRADO,ISTITUTO PROFESSIONALE,STUDENTI,SERVIZI PUBBLICI ESISTENTI,672,4033,VIA MELZI D'ERIL FRANCESCO 9,STATALE,PARITARIA,35,ISTITUTO PROFESSIONALE STATALE PER I SERVIZI COMMERCIALI E TURISTICI,DIURNO,1,69,SARPI,9.173378658,45.47810774,"(45.4781077375582, 9.17337865807891)",,
3364,34,,1519432.193,5034010.927,IPSSCT B.ORIANI-G.MAZZINI,ISTRUZIONE,SCUOLE SECONDARIE DI SECONDO GRADO,ISTITUTO PROFESSIONALE,STUDENTI,SERVIZI PUBBLICI ESISTENTI,1273,4038,VIA ZANTE 34,STATALE,PARITARIA,61,ISTITUTO PROFESSIONALE STATALE PER I SERVIZI COMMERCIALI E TURISTICI,DIURNO,4,30,TALIEDO - MORSENCHIO - Q.RE FORLANINI,9.248187663,45.45917504,"(45.4591750354149, 9.24818766265366)",,
7473,1,,1510260.869,5040137.026,IPSSCT P.FRISI,ISTRUZIONE,SCUOLE SECONDARIE DI SECONDO GRADO,ISTITUTO PROFESSIONALE,STUDENTI,SERVIZI PUBBLICI ESISTENTI,685,4042,VIA OTRANTO 1,STATALE,PARITARIA,34,ISTITUTO PROFESSIONALE STATALE PER I SERVIZI COMMERCIALI E TURISTICI,DIURNO,8,76,QUARTO OGGIARO - VIALBA - MUSOCCO,9.131012255,45.51451012,"(45.5145101194897, 9.13101225459406)",,
2580,8,,1518538.468,5035663.366,IPSSAR A.VESPUCCI,ISTRUZIONE,SCUOLE SECONDARIE DI SECONDO GRADO,ISTITUTO PROFESSIONALE,STUDENTI,SERVIZI PUBBLICI ESISTENTI,1190,4043,VIA VALVASSORI PERONI CARLO 8,STATALE,PARITARIA,51,ISTITUTO PROFESSIONALE STATALE ALBERGHIERO,DIURNO,3,22,CITTA' STUDI,9.236819004,45.47407277,"(45.4740727730586, 9.23681900375224)",,
7495,26,2,1509384.739,5038223.781,IPSSAR C.PORTA,ISTRUZIONE,SCUOLE SECONDARIE DI SECONDO GRADO,ISTITUTO PROFESSIONALE,STUDENTI,SERVIZI PUBBLICI ESISTENTI,1251,4045,VIA URUGUAY 26 2,STATALE,PARITARIA,49,ISTITUTO PROFESSIONALE STATALE ALBERGHIERO,DIURNO,8,65,Q.RE GALLARATESE - Q.RE SAN LEONARDO - LAMPUGNANO,9.119758986,45.4973014,"(45.4973014036957, 9.11975898589323)",,
2297,7,,1517216.743,5037589.116,IPSS GIOVANNI XXIII,ISTRUZIONE,SCUOLE SECONDARIE DI SECONDO GRADO,ISTITUTO PROFESSIONALE,STUDENTI,SERVIZI PRIVATI ESISTENTI,11,4047,VIA TERMOPILI 7,ENTE PRIVATO LAICO,PRIVATA PARITARIA,1,ISTITUTO PROFESSIONALE SERVIZI SOCIALI,DIURNO,2,20,LORETO - CASORETTO - NOLO,9.219976865,45.49144006,"(45.4914400629123, 9.21997686537182)",,
2400,89,,1517477.333,5037230.226,IPSCP CATERINA DA SIENA,ISTRUZIONE,SCUOLE SECONDARIE DI SECONDO GRADO,ISTITUTO PROFESSIONALE,STUDENTI,SERVIZI PUBBLICI ESISTENTI,799,4050,VLE LOMBARDIA 89,STATALE,PARITARIA,38,ISTITUTO PROFESSIONALE STATALE PER I SERVIZI COMMERCIALI E DELLA PUBBLICITA',DIURNO,3,20,LORETO - CASORETTO - NOLO,9.223299001,45.48820326,"(45.4882032641257, 9.22329900135297)",,
5422,35,,1513507.779,5028526.087,IMS V.KANDINSKY,ISTRUZIONE,SCUOLE SECONDARIE DI SECONDO GRADO,ISTITUTO MAGISTRALE,STUDENTI,SERVIZI PUBBLICI ESISTENTI,57,4078,VIA BARONI COSTANTINO 35,STATALE,PARITARIA,3,ISTITUTO MAGISTRALE STATALE,DIURNO,5,41,GRATOSOGLIO - Q.RE MISSAGLIA - Q.RE TERRAZZE,9.172263526,45.40994512,"(45.4099451194148, 9.17226352588129)",,
7340,63,,1511159.034,5040857.831,IPSCP M.DUDOVICH,ISTRUZIONE,SCUOLE SECONDARIE DI SECONDO GRADO,ISTITUTO PROFESSIONALE,STUDENTI,SERVIZI PUBBLICI ESISTENTI,487,4054,VIA AMORETTI CARLO 63,STATALE,PARITARIA,25,ISTITUTO PROFESSIONALE STATALE PER I SERVIZI COMMERCIALI E DELLA PUBBLICITA',DIURNO,8,76,QUARTO OGGIARO - VIALBA - MUSOCCO,9.142527544,45.52098429,"(45.5209842869845, 9.14252754430246)",,
634,2,,1514096.684,5034282.972,ITI CARLO BAZZI,ISTRUZIONE,SCUOLE SECONDARIE DI SECONDO GRADO,ISTITUTO TECNICO,STUDENTI,SERVIZI PRIVATI ESISTENTI,95,4058,VIA CAPPUCCIO 2,ENTE PRIVATO LAICO,PRIVATA PARITARIA,6,ISTITUTO TECNICO INDUSTRIALE,DIURNO,1,1,DUOMO,9.179953485,45.4617514,"(45.4617513963721, 9.17995348530132)",,
1213,19,,1515763.773,5037351.536,ITI DON BOSCO,ISTRUZIONE,SCUOLE SECONDARIE DI SECONDO GRADO,ISTITUTO TECNICO,STUDENTI,SERVIZI PRIVATI ESISTENTI,211,4060,VIA TONALE 19,ENTE PRIVATO RELIGIOSO,PRIVATA PARITARIA,9,ISTITUTO TECNICO INDUSTRIALE,DIURNO,2,10,STAZIONE CENTRALE - PONTE SEVESO,9.201374959,45.48933586,"(45.4893358630585, 9.20137495867058)",,
5208,8,,1514362.324,5032820.367,ITIS G.FELTRINELLI,ISTRUZIONE,SCUOLE SECONDARIE DI SECONDO GRADO,ISTITUTO TECNICO,STUDENTI,SERVIZI PUBBLICI ESISTENTI,516,4063,PZA CARO TITO LUCREZIO 8,STATALE,PARITARIA,25,ISTITUTO TECNICO INDUSTRIALE STATALE,DIURNO,5,6,PORTA TICINESE - CONCA DEL NAVIGLIO,9.183308639,45.44858111,"(45.4485811095001, 9.18330863853885)",,
5208,8,,1514362.324,5032820.367,ITIS G.FELTRINELLI SERALE,ISTRUZIONE,SCUOLE SECONDARIE DI SECONDO GRADO,ISTITUTO TECNICO,STUDENTI,SERVIZI PUBBLICI ESISTENTI,196,4063,PZA CARO TITO LUCREZIO 8,STATALE,PARITARIA,10,ISTITUTO TECNICO INDUSTRIALE STATALE SERALE,SERALE,5,6,PORTA TICINESE - CONCA DEL NAVIGLIO,9.183308639,45.44858111,"(45.4485811095001, 9.18330863853885)",,
5264,21,,1513332.024,5032326.447,ITIS G.GIORGI,ISTRUZIONE,SCUOLE SECONDARIE DI SECONDO GRADO,ISTITUTO TECNICO,STUDENTI,SERVIZI PUBBLICI ESISTENTI,334,4065,VLE LIGURIA 21,STATALE,PARITARIA,18,ISTITUTO TECNICO INDUSTRIALE STATALE,DIURNO,6,44,PORTA TICINESE - CONCHETTA,9.170120061,45.44415568,"(45.4441556752111, 9.17012006142478)",,
5264,21,,1513332.024,5032326.447,ITIS G.GIORGI SERALE,ISTRUZIONE,SCUOLE SECONDARIE DI SECONDO GRADO,ISTITUTO TECNICO,STUDENTI,SERVIZI PUBBLICI ESISTENTI,408,4065,VLE LIGURIA 21,STATALE,PARITARIA,25,ISTITUTO TECNICO INDUSTRIALE STATALE,DIURNO,6,44,PORTA TICINESE - CONCHETTA,9.170120061,45.44415568,"(45.4441556752111, 9.17012006142478)",,
1526,14,,1514947.449,5039259.691,ITIS L.GALVANI,ISTRUZIONE,SCUOLE SECONDARIE DI SECONDO GRADO,ISTITUTO TECNICO,STUDENTI,SERVIZI PUBBLICI ESISTENTI,679,4070,VIA GATTI FRANCESCO 14,STATALE,PARITARIA,35,ISTITUTO TECNICO INDUSTRIALE STATALE,DIURNO,9,14,NIGUARDA - CA' GRANDA - PRATO CENTENARO - Q.RE FULVIO TESTI,9.190986433,45.50652892,"(45.5065289189963, 9.19098643280961)",,
2524,2,,1518750.043,5038267.846,IISS J.C.MAXWELL,ISTRUZIONE,SCUOLE SECONDARIE DI SECONDO GRADO,ISTITUTO ISTRUZIONE SUPERIORE,STUDENTI,SERVIZI PUBBLICI ESISTENTI,907,4073,VIA CALABRIA DON GIOVANNI 2,STATALE,PARITARIA,43,ISTITUTO ISTRUZIONE SUPERIORE STATALE,DIURNO,3,18,CIMIANO - ROTTOLE - Q.RE FELTRE,9.239625016,45.49750983,"(45.497509825424, 9.23962501635132)",,
2396,110,,1518761.453,5038187.196,ITIS E.MOLINARI,ISTRUZIONE,SCUOLE SECONDARIE DI SECONDO GRADO,ISTITUTO TECNICO,STUDENTI,SERVIZI PUBBLICI ESISTENTI,760,4074,VIA CRESCENZAGO 110,STATALE,PARITARIA,39,ISTITUTO TECNICO INDUSTRIALE STATALE,DIURNO,3,18,CIMIANO - ROTTOLE - Q.RE FELTRE,9.239767974,45.4967836,"(45.4967835975419, 9.23976797400367)",,
2396,110,,1518761.453,5038187.196,ITIS E.MOLINARI SERALE,ISTRUZIONE,SCUOLE SECONDARIE DI SECONDO GRADO,ISTITUTO TECNICO,STUDENTI,SERVIZI PUBBLICI ESISTENTI,137,4074,VIA CRESCENZAGO 110,STATALE,PARITARIA,8,ISTITUTO TECNICO INDUSTRIALE STATALE SERALE,SERALE,3,18,CIMIANO - ROTTOLE - Q.RE FELTRE,9.239767974,45.4967836,"(45.4967835975419, 9.23976797400367)",,
5422,35,,1513507.779,5028526.087,IPGS V.KANDINSKY,ISTRUZIONE,SCUOLE SECONDARIE DI SECONDO GRADO,ISTITUTO PROFESSIONALE,STUDENTI,SERVIZI PUBBLICI ESISTENTI,474,4078,VIA BARONI COSTANTINO 35,STATALE,PARITARIA,24,ISTITUTO PROFESSIONALE GRAFICO STATALE,DIURNO,5,41,GRATOSOGLIO - Q.RE MISSAGLIA - Q.RE TERRAZZE,9.172263526,45.40994512,"(45.4099451194148, 9.17226352588129)",,
5436,7,,1514094.634,5030666.412,ITIS E. TORRICELLI,ISTRUZIONE,SCUOLE SECONDARIE DI SECONDO GRADO,ISTITUTO TECNICO,STUDENTI,SERVIZI PUBBLICI ESISTENTI,621,4079,VIA DINI ULISSE 7,STATALE,PARITARIA,28,ISTITUTO TECNICO INDUSTRIALE STATALE,DIURNO,5,42,STADERA - CHIESA ROSSA - Q.RE TORRETTA - CONCA FALLATA,9.179824002,45.42919875,"(45.4291987541814, 9.17982400171202)",,
6306,130,,1508595.279,5035070.116,ITIS M.CURIE,ISTRUZIONE,SCUOLE SECONDARIE DI SECONDO GRADO,ISTITUTO TECNICO,STUDENTI,SERVIZI PUBBLICI ESISTENTI,690,4080,VIA F.LLI ZOIA 130,STATALE,PARITARIA,34,ISTITUTO TECNICO INDUSTRIALE STATALE,DIURNO,7,56,FORZE ARMATE,9.109599938,45.46892546,"(45.4689254581449, 9.1095999378222)",,
6134,11,,1511049.089,5035978.311,IISS CONTI,ISTRUZIONE,SCUOLE SECONDARIE DI SECONDO GRADO,ISTITUTO ISTRUZIONE SUPERIORE,STUDENTI,SERVIZI PUBBLICI ESISTENTI,648,4081,VIA DE VINCENTI ANGELO 11,STATALE,PARITARIA,30,ISTITUTO ISTRUZIONE SUPERIORE STATALE,DIURNO,7,57,SAN SIRO,9.141010378,45.47706576,"(45.4770657649475, 9.14101037791124)",,
6571,31,,1510254.594,5035353.881,ITIS GALILEO GALILEI,ISTRUZIONE,SCUOLE SECONDARIE DI SECONDO GRADO,ISTITUTO TECNICO,STUDENTI,SERVIZI PUBBLICI ESISTENTI,690,4082,VIA PARAVIA PIER ALESSANDRO 31,STATALE,PARITARIA,34,ISTITUTO TECNICO INDUSTRIALE STATALE,DIURNO,7,60,STADIO - IPPODROMI,9.130832449,45.47145735,"(45.4714573473606, 9.13083244916406)",,
1539,65,,1512244.639,5040975.286,IISS GIUSEPPE LUIGI LAGRANGE,ISTRUZIONE,SCUOLE SECONDARIE DI SECONDO GRADO,ISTITUTO ISTRUZIONE SUPERIORE,STUDENTI,SERVIZI PUBBLICI ESISTENTI,486,4084,VIA LITTA MODIGNANI ALESSANDRO 65,STATALE,PARITARIA,23,ISTITUTO ISTRUZIONE SUPERIORE STATALE,DIURNO,9,81,BOVISASCA,9.156430744,45.52202334,"(45.5220233391383, 9.15643074403664)",,
4034,12,,1515848.623,5033651.797,ITA  LINDBERGH FLYING SCHOOL,ISTRUZIONE,SCUOLE SECONDARIE DI SECONDO GRADO,ISTITUTO TECNICO,STUDENTI,SERVIZI PRIVATI ESISTENTI,206,4085,VIA CURTATONE 12,ENTE PRIVATO LAICO,PRIVATA PARITARIA,10,ISTITUTO TECNICO,DIURNO,1,4,GUASTALLA,9.202341777,45.45603277,"(45.4560327716406, 9.20234177741176)",,
515,9,,1514333.429,5033946.922,ITC C.CATTANEO,ISTRUZIONE,SCUOLE SECONDARIE DI SECONDO GRADO,ISTITUTO TECNICO,STUDENTI,SERVIZI PUBBLICI ESISTENTI,116,4087,PZA VETRA 9,STATALE,PARITARIA,6,ISTITUTO TECNICO COMMERCIALE STATALE,DIURNO,1,1,DUOMO,9.182971863,45.45872181,"(45.4587218144102, 9.18297186341796)",,
515,9,,1514333.429,5033946.922,ITC CIVICO SERALE,ISTRUZIONE,SCUOLE SECONDARIE DI SECONDO GRADO,ISTITUTO TECNICO,STUDENTI,SERVIZI PUBBLICI ESISTENTI,181,4088,PZA VETRA 9,COMUNALE,PARITARIA,10,ISTITUTO TECNICO COMMERCIALE CIVICO SERALE,SERALE,1,1,DUOMO,9.182971863,45.45872181,"(45.4587218144102, 9.18297186341796)",,
604,71,,1513299.809,5034706.767,ITC COLLEGIO S.CARLO,ISTRUZIONE,SCUOLE SECONDARIE DI SECONDO GRADO,ISTITUTO TECNICO,STUDENTI,SERVIZI PRIVATI ESISTENTI,35,3024,CSO MAGENTA 71,ENTE PRIVATO RELIGIOSO,PRIVATA PARITARIA,3,ISTITUTO TECNICO COMMERCIALE,DIURNO,1,7,MAGENTA - S. VITTORE,9.169772284,45.46558154,"(45.4655815409406, 9.16977228438613)",,
5182,9,,1514095.059,5033721.907,ITC GIACOMO LEOPARDI,ISTRUZIONE,SCUOLE SECONDARIE DI SECONDO GRADO,ISTITUTO TECNICO,STUDENTI,SERVIZI PRIVATI ESISTENTI,84,3028,VIA ARENA 9,ENTE PRIVATO LAICO,PRIVATA PARITARIA,5,ISTITUTO TECNICO COMMERCIALE,DIURNO,1,6,PORTA TICINESE - CONCA DEL NAVIGLIO,9.179916668,45.45670129,"(45.4567012910427, 9.17991666835773)",,
3020,39,,1515990.883,5034504.977,ITC LEONARDO DA VINCI,ISTRUZIONE,SCUOLE SECONDARIE DI SECONDO GRADO,ISTITUTO TECNICO,STUDENTI,SERVIZI PRIVATI ESISTENTI,14,4097,VIA CORRIDONI FILIPPO 39,ENTE PRIVATO LAICO,PRIVATA PARITARIA,5,ISTITUTO TECNICO COMMERCIALE,DIURNO,1,4,GUASTALLA,9.204188874,45.46370899,"(45.4637089887177, 9.20418887351901)",,
4103,34,,1515793.938,5033741.507,ITC EDMONDO DE AMICIS,ISTRUZIONE,SCUOLE SECONDARIE DI SECONDO GRADO,ISTITUTO TECNICO,STUDENTI,SERVIZI PRIVATI ESISTENTI,67,3027,VIA LAMARMORA ALFONSO 34,ENTE PRIVATO LAICO,PRIVATA PARITARIA,6,ISTITUTO TECNICO COMMERCIALE,DIURNO,1,4,GUASTALLA,9.20164526,45.45684148,"(45.4568414841477, 9.20164526035925)",,
1360,71,,1514978.214,5038100.626,ITC ZAPPA,ISTRUZIONE,SCUOLE SECONDARIE DI SECONDO GRADO,ISTITUTO TECNICO,STUDENTI,SERVIZI PUBBLICI ESISTENTI,412,4183,VLE MARCHE 71,STATALE,PARITARIA,20,ISTITUTO TECNICO COMMERCIALE STATALE,DIURNO,9,11,ISOLA,9.191344971,45.49609562,"(45.4960956175364, 9.19134497116544)",,
1108,51,,1515533.393,5037159.686,ITC MARIA CONSOLATRICE,ISTRUZIONE,SCUOLE SECONDARIE DI SECONDO GRADO,ISTITUTO TECNICO,STUDENTI,SERVIZI PRIVATI ESISTENTI,78,3036,VIA GIOIA MELCHIORRE 51,ENTE PRIVATO RELIGIOSO,PRIVATA PARITARIA,5,ISTITUTO TECNICO COMMERCIALE,DIURNO,2,11,ISOLA,9.19842074,45.48761419,"(45.4876141853097, 9.1984207397984)",,
4091,38,,1516926.998,5033160.117,ITC P. VERRI,ISTRUZIONE,SCUOLE SECONDARIE DI SECONDO GRADO,ISTITUTO TECNICO,STUDENTI,SERVIZI PUBBLICI ESISTENTI,606,4109,VIA LATTANZIO 38,STATALE,PARITARIA,28,ISTITUTO TECNICO COMMERCIALE STATALE,DIURNO,4,28,UMBRIA - MOLISE - CALVAIRATE,9.216116695,45.45158195,"(45.4515819494722, 9.21611669522363)",,
2281,4,,1517156.003,5037345.471,ITC MILANO,ISTRUZIONE,SCUOLE SECONDARIE DI SECONDO GRADO,ISTITUTO TECNICO,STUDENTI,SERVIZI PRIVATI ESISTENTI,145,4111,VIA GUINIZELLI GUIDO 4,ENTE PRIVATO LAICO,PRIVATA PARITARIA,6,ISTITUTO TECNICO COMMERCIALE,DIURNO,2,20,LORETO - CASORETTO - NOLO,9.219191056,45.48924853,"(45.4892485269868, 9.21919105590881)",,
6212,25,,1512846.964,5034395.542,ITC NICOLA MORESCHI,ISTRUZIONE,SCUOLE SECONDARIE DI SECONDO GRADO,ISTITUTO TECNICO,STUDENTI,SERVIZI PUBBLICI ESISTENTI,746,4112,VLE SAN MICHELE DEL CARSO 25,STATALE,PARITARIA,34,ISTITUTO TECNICO COMMERCIALE STATALE,DIURNO,1,7,MAGENTA - S. VITTORE,9.163971559,45.46278865,"(45.4627886547616, 9.16397155918112)",,
1539,55,,1512581.819,5041068.321,IISS VILFREDO FEDERICO PARETO,ISTRUZIONE,SCUOLE SECONDARIE DI SECONDO GRADO,ISTITUTO ISTRUZIONE SUPERIORE,STUDENTI,SERVIZI PUBBLICI ESISTENTI,430,4114,VIA LITTA MODIGNANI ALESSANDRO 55,STATALE,PARITARIA,20,ISTITUTO ISTRUZIONE SUPERIORE STATALE,DIURNO,9,81,BOVISASCA,9.160750514,45.52285476,"(45.5228547561716, 9.16075051361466)",,
2127,4,,1516036.148,5036366.226,ITC SCHIAPARELLI - GRAMSCI,ISTRUZIONE,SCUOLE SECONDARIE DI SECONDO GRADO,ISTITUTO TECNICO,STUDENTI,SERVIZI PUBBLICI ESISTENTI,955,4116,VIA SETTEMBRINI LUIGI 4,STATALE,PARITARIA,45,ISTITUTO TECNICO COMMERCIALE STATALE,DIURNO,3,21,BUENOS AIRES - PORTA VENEZIA - PORTA MONFORTE,9.204828443,45.48046097,"(45.4804609671974, 9.20482844259445)",,
2524,16,,1518922.133,5038460.211,IISS F.BESTA,ISTRUZIONE,SCUOLE SECONDARIE DI SECONDO GRADO,ISTITUTO ISTRUZIONE SUPERIORE,STUDENTI,SERVIZI PUBBLICI ESISTENTI,427,4118,VIA CALABRIA DON GIOVANNI 16,STATALE,PARITARIA,20,ISTITUTO ISTRUZIONE SUPERIORE STATALE,DIURNO,3,18,CIMIANO - ROTTOLE - Q.RE FELTRE,9.241834961,45.49923665,"(45.4992366460769, 9.2418349609102)",,
5436,7,,1514094.634,5030666.412,ITC CUSTODI,ISTRUZIONE,SCUOLE SECONDARIE DI SECONDO GRADO,ISTITUTO TECNICO,STUDENTI,SERVIZI PUBBLICI ESISTENTI,220,4203,VIA DINI ULISSE 7,STATALE,PARITARIA,10,ISTITUTO TECNICO COMMERCIALE STATALE,DIURNO,5,42,STADERA - CHIESA ROSSA - Q.RE TORRETTA - CONCA FALLATA,9.179824002,45.42919875,"(45.4291987541814, 9.17982400171202)",,
6306,130,,1508595.279,5035070.116,IISS P.SRAFFA,ISTRUZIONE,SCUOLE SECONDARIE DI SECONDO GRADO,ISTITUTO ISTRUZIONE SUPERIORE,STUDENTI,SERVIZI PUBBLICI ESISTENTI,287,4120,VIA F.LLI ZOIA 130,STATALE,PARITARIA,18,ISTITUTO ISTRUZIONE SUPERIORE STATALE,DIURNO,7,56,FORZE ARMATE,9.109599938,45.46892546,"(45.4689254581449, 9.1095999378222)",,
6860,11,,1509801.159,5037294.601,ITC CASSINIS,ISTRUZIONE,SCUOLE SECONDARIE DI SECONDO GRADO,ISTITUTO TECNICO,STUDENTI,SERVIZI PUBBLICI ESISTENTI,429,4207,VIA NATTA GIULIO 11,STATALE,PARITARIA,20,ISTITUTO TECNICO COMMERCIALE STATALE,DIURNO,8,65,Q.RE GALLARATESE - Q.RE SAN LEONARDO - LAMPUGNANO,9.125070207,45.4889322,"(45.4889322000283, 9.1250702073438)",,
515,9,,1514333.429,5033946.922,ITG C.CATTANEO,ISTRUZIONE,SCUOLE SECONDARIE DI SECONDO GRADO,ISTITUTO TECNICO,STUDENTI,SERVIZI PUBBLICI ESISTENTI,514,4087,PZA VETRA 9,STATALE,PARITARIA,22,ISTITUTO TECNICO STATALE PER GEOMETRI E COMMERCIALE,DIURNO,1,1,DUOMO,9.182971863,45.45872181,"(45.4587218144102, 9.18297186341796)",,
515,9,,1514333.429,5033946.922,ITG CIVICO SERALE,ISTRUZIONE,SCUOLE SECONDARIE DI SECONDO GRADO,ISTITUTO TECNICO,STUDENTI,SERVIZI PUBBLICI ESISTENTI,128,4088,PZA VETRA 9,COMUNALE,PARITARIA,7,ISTITUTO TECNICO STATALE PER GEOMETRI E COMMERCIALE CIVICO SERALE,SERALE,1,1,DUOMO,9.182971863,45.45872181,"(45.4587218144102, 9.18297186341796)",,
5182,13,,1514051.224,5033629.627,ITG MILANO  M.TIRELLI,ISTRUZIONE,SCUOLE SECONDARIE DI SECONDO GRADO,ISTITUTO TECNICO,STUDENTI,SERVIZI PRIVATI ESISTENTI,64,4126,VIA ARENA 13,ENTE PRIVATO LAICO,PRIVATA PARITARIA,5,ISTITUTO TECNICO COMMERCIALE PER GEOMETRI,DIURNO,1,6,PORTA TICINESE - CONCA DEL NAVIGLIO,9.179353408,45.45587156,"(45.4558715596519, 9.17935340799524)",,
3020,39,,1515990.883,5034504.977,ITG LEONARDO DA VINCI,ISTRUZIONE,SCUOLE SECONDARIE DI SECONDO GRADO,ISTITUTO TECNICO,STUDENTI,SERVIZI PRIVATI ESISTENTI,96,4097,VIA CORRIDONI FILIPPO 39,ENTE PRIVATO LAICO,PRIVATA PARITARIA,9,ISTITUTO TECNICO COMMERCIALE PER GEOMETRI,DIURNO,1,4,GUASTALLA,9.204188874,45.46370899,"(45.4637089887177, 9.20418887351901)",,
6175,1,,1513100.749,5035150.311,ITT Sr. MARCELLINE,ISTRUZIONE,SCUOLE SECONDARIE DI SECONDO GRADO,ISTITUTO TECNICO,STUDENTI,SERVIZI PRIVATI ESISTENTI,94,3029,PZA TOMMASEO NICOLO' 1,ENTE PRIVATO RELIGIOSO,PRIVATA PARITARIA,5,ISTITUTO TECNICO PER IL TURISMO,DIURNO,1,7,MAGENTA - S. VITTORE,9.167237767,45.46957762,"(45.4695776195498, 9.16723776668334)",,
5436,7,,1514094.634,5030666.412,Iø ITT CLAUDIO VARALLI,ISTRUZIONE,SCUOLE SECONDARIE DI SECONDO GRADO,ISTITUTO TECNICO,STUDENTI,SERVIZI PUBBLICI ESISTENTI,455,4135,VIA DINI ULISSE 7,STATALE,PARITARIA,20,ISTITUTO TECNICO PER IL TURISMO STATALE,DIURNO,5,42,STADERA - CHIESA ROSSA - Q.RE TORRETTA - CONCA FALLATA,9.179824002,45.42919875,"(45.4291987541814, 9.17982400171202)",,
6860,11,,1509801.159,5037294.601,ITT A.GENTILESCHI,ISTRUZIONE,SCUOLE SECONDARIE DI SECONDO GRADO,ISTITUTO TECNICO,STUDENTI,SERVIZI PUBBLICI ESISTENTI,1166,4207,VIA NATTA GIULIO 11,STATALE,PARITARIA,51,ISTITUTO TECNICO PER IL TURISMO STATALE,DIURNO,8,65,Q.RE GALLARATESE - Q.RE SAN LEONARDO - LAMPUGNANO,9.125070207,45.4889322,"(45.4889322000283, 9.1250702073438)",,
1035,8,,1514656.299,5036184.956,PACLE  A. MANZONI CIVICO,ISTRUZIONE,SCUOLE SECONDARIE DI SECONDO GRADO,PERITO,STUDENTI,SERVIZI PUBBLICI ESISTENTI,277,4137,VIA MARSALA 8,COMUNALE,PARITARIA,16,PERITO AZIENDALE CORRISPONDENTE IN LINGUE ESTERE CIVICO,DIURNO,1,2,BRERA,9.187167928,45.47885961,"(45.4788596070346, 9.18716792758274)",,
4290,36,,1517137.708,5031143.867,ITSOS  A.STEINER,ISTRUZIONE,SCUOLE SECONDARIE DI SECONDO GRADO,ISTITUTO TECNICO,STUDENTI,SERVIZI PUBBLICI ESISTENTI,790,4150,VIA SAN DIONIGI 36,STATALE,PARITARIA,38,ISTITUTO TECNICO STATALE A ORDINAMENTO SPECIALE,DIURNO,5,36,SCALO ROMANA,9.218741306,45.43342858,"(45.4334285795014, 9.21874130641632)",,
2385,5,,1518697.738,5038703.936,IM MARIA VIGANO',ISTRUZIONE,SCUOLE SECONDARIE DI SECONDO GRADO,ISTITUTO MAGISTRALE,STUDENTI,SERVIZI PRIVATI ESISTENTI,102,3095,VIA RICCARDI PADRE PLACIDO 5,ENTE PRIVATO RELIGIOSO,PRIVATA PARITARIA,5,ISTITUTO MAGISTRALE,DIURNO,2,19,PADOVA - TURRO - CRESCENZAGO,9.238972156,45.50143642,"(45.5014364230796, 9.2389721564042)",,
1066,16,,1514206.849,5036230.456,IMS C.TENCA,ISTRUZIONE,SCUOLE SECONDARIE DI SECONDO GRADO,ISTITUTO MAGISTRALE,STUDENTI,SERVIZI PUBBLICI ESISTENTI,976,4161,BST DI PORTA VOLTA 16,STATALE,PARITARIA,47,ISTITUTO MAGISTRALE STATALE,DIURNO,1,69,SARPI,9.181418702,45.47927841,"(45.4792784112699, 9.18141870153592)",,
3176,2,,1517024.513,5035527.771,IMS VIRGILIO,ISTRUZIONE,SCUOLE SECONDARIE DI SECONDO GRADO,ISTITUTO MAGISTRALE,STUDENTI,SERVIZI PUBBLICI ESISTENTI,1669,4163,PZA ASCOLI GRAZIADIO ISAIA 2,STATALE,PARITARIA,76,ISTITUTO MAGISTRALE STATALE,DIURNO,3,21,BUENOS AIRES - PORTA VENEZIA - PORTA MONFORTE,9.217445539,45.47289075,"(45.4728907469065, 9.21744553914114)",,
1064,8,,1514697.194,5036321.586,IM CIVICO SOCIO PSICOPEDAGOGICO SERALE,ISTRUZIONE,SCUOLE SECONDARIE DI SECONDO GRADO,ISTITUTO MAGISTRALE,STUDENTI,SERVIZI PUBBLICI ESISTENTI,69,4164,PZA VENTICINQUE APRILE 8,COMUNALE,PARITARIA,5,ISTITUTO MAGISTRALE CIVICO SERALE,SERALE,1,2,BRERA,9.187695239,45.48008855,"(45.480088549787, 9.1876952389084)",,
5223,17,,1514293.339,5032731.402,IMS AGNESI,ISTRUZIONE,SCUOLE SECONDARIE DI SECONDO GRADO,ISTITUTO MAGISTRALE,STUDENTI,SERVIZI PUBBLICI ESISTENTI,1268,4165,VIA TABACCHI ODOARDO 17,STATALE,PARITARIA,55,ISTITUTO MAGISTRALE STATALE,DIURNO,5,6,PORTA TICINESE - CONCA DEL NAVIGLIO,9.182423898,45.44778175,"(45.4477817450553, 9.18242389814505)",,
5162,9,,1513646.314,5033778.152,LSP SACRO CUORE - LEOPARDI,ISTRUZIONE,SCUOLE SECONDARIE DI SECONDO GRADO,LICEO,STUDENTI,SERVIZI PRIVATI ESISTENTI,103,3028,VIA CRESPI DANIELE 9,ENTE PRIVATO LAICO,PRIVATA PARITARIA,5,LICEO SOCIO PSCICO PEDAGOGICO,DIURNO,1,7,MAGENTA - S. VITTORE,9.174178953,45.45721643,"(45.4572164306243, 9.17417895311872)",,
3025,5,,1515869.533,5034448.042,LSS LEONARDO DA VINCI,ISTRUZIONE,SCUOLE SECONDARIE DI SECONDO GRADO,LICEO,STUDENTI,SERVIZI PUBBLICI ESISTENTI,876,4171,VIA RESPIGHI OTTORINO 5,STATALE,PARITARIA,38,LICEO SCIENTIFICO STATALE,DIURNO,1,4,GUASTALLA,9.202634832,45.46319928,"(45.4631992782319, 9.20263483237962)",,
1064,8,,1514697.194,5036321.586,LS GEYMONAT CIVICO SERALE,ISTRUZIONE,SCUOLE SECONDARIE DI SECONDO GRADO,LICEO,STUDENTI,SERVIZI PUBBLICI ESISTENTI,79,4172,PZA VENTICINQUE APRILE 8,COMUNALE,PARITARIA,6,LICEO SCIENTIFICO CIVICO SERALE,SERALE,1,2,BRERA,9.187695239,45.48008855,"(45.480088549787, 9.1876952389084)",,
6175,1,,1513100.749,5035150.311,LS Sr. MARCELLINE,ISTRUZIONE,SCUOLE SECONDARIE DI SECONDO GRADO,LICEO,STUDENTI,SERVIZI PRIVATI ESISTENTI,96,3029,PZA TOMMASEO NICOLO' 1,ENTE PRIVATO RELIGIOSO,PRIVATA PARITARIA,5,LICEO SCIENTIFICO,DIURNO,1,7,MAGENTA - S. VITTORE,9.167237767,45.46957762,"(45.4695776195498, 9.16723776668334)",,
3146,5,,1515575.598,5034000.422,LS ISTITUTO ZACCARIA,ISTRUZIONE,SCUOLE SECONDARIE DI SECONDO GRADO,LICEO,STUDENTI,SERVIZI PRIVATI ESISTENTI,149,3026,VIA DELLA COMMENDA 5,ENTE PRIVATO RELIGIOSO,PRIVATA PARITARIA,7,LICEO SCIENTIFICO,DIURNO,1,4,GUASTALLA,9.198860953,45.45917686,"(45.4591768595565, 9.19886095299163)",,
7120,12,,1513788.579,5036190.666,LS ENRICO FERMI,ISTRUZIONE,SCUOLE SECONDARIE DI SECONDO GRADO,LICEO,STUDENTI,SERVIZI PRIVATI ESISTENTI,199,4177,VIA ALFIERI VITTORIO 12,ENTE PRIVATO LAICO,PRIVATA PARITARIA,11,LICEO SCIENTIFICO,DIURNO,1,69,SARPI,9.176065945,45.47892862,"(45.4789286216723, 9.17606594505316)",,
604,71,,1513299.809,5034706.767,LS COLLEGIO S.CARLO,ISTRUZIONE,SCUOLE SECONDARIE DI SECONDO GRADO,LICEO,STUDENTI,SERVIZI PRIVATI ESISTENTI,255,3024,CSO MAGENTA 71,ENTE PRIVATO RELIGIOSO,PRIVATA PARITARIA,14,LICEO SCIENTIFICO,DIURNO,1,7,MAGENTA - S. VITTORE,9.169772284,45.46558154,"(45.4655815409406, 9.16977228438613)",,
4103,34,,1515793.938,5033741.507,LS  DE AMICIS MARANGONI,ISTRUZIONE,SCUOLE SECONDARIE DI SECONDO GRADO,LICEO,STUDENTI,SERVIZI PRIVATI ESISTENTI,218,3027,VIA LAMARMORA ALFONSO 34,ENTE PRIVATO LAICO,PRIVATA PARITARIA,11,LICEO SCIENTIFICO,DIURNO,1,4,GUASTALLA,9.20164526,45.45684148,"(45.4568414841477, 9.20164526035925)",,
1360,73,,1514877.114,5038139.436,IISS L.CREMONA,ISTRUZIONE,SCUOLE SECONDARIE DI SECONDO GRADO,ISTITUTO ISTRUZIONE SUPERIORE,STUDENTI,SERVIZI PUBBLICI ESISTENTI,824,4183,VLE MARCHE 73,STATALE,PARITARIA,39,ISTITUTO ISTRUZIONE SUPERIORE STATALE,DIURNO,9,11,ISOLA,9.190052215,45.4964471,"(45.4964470996321, 9.19005221500565)",,
1204,9,,1515744.118,5037210.036,LS S.AMBROGIO SALESIANO,ISTRUZIONE,SCUOLE SECONDARIE DI SECONDO GRADO,LICEO,STUDENTI,SERVIZI PRIVATI ESISTENTI,370,3038,VIA COPERNICO NICOLO' 9,ENTE PRIVATO RELIGIOSO,PRIVATA PARITARIA,15,LICEO SCIENTIFICO,DIURNO,2,10,STAZIONE CENTRALE - PONTE SEVESO,9.201118909,45.48806267,"(45.4880626741533, 9.20111890913409)",,
1108,42,,1515589.218,5037162.006,LS FA E S  ARGONNE,ISTRUZIONE,SCUOLE SECONDARIE DI SECONDO GRADO,LICEO,STUDENTI,SERVIZI PRIVATI ESISTENTI,82,3040,VIA GIOIA MELCHIORRE 42,ENTE PRIVATO LAICO,PRIVATA PARITARIA,5,LICEO SCIENTIFICO,DIURNO,2,10,STAZIONE CENTRALE - PONTE SEVESO,9.199135182,45.48763383,"(45.4876338264437, 9.19913518237548)",,
2128,7,,1516147.038,5036267.791,LSS A.VOLTA,ISTRUZIONE,SCUOLE SECONDARIE DI SECONDO GRADO,LICEO,STUDENTI,SERVIZI PUBBLICI ESISTENTI,969,4187,VIA MARCELLO BENEDETTO 7,STATALE,PARITARIA,40,LICEO SCIENTIFICO STATALE,DIURNO,3,21,BUENOS AIRES - PORTA VENEZIA - PORTA MONFORTE,9.206244048,45.47957241,"(45.4795724109654, 9.20624404797925)",,
2134,41,,1516130.603,5036602.681,LS ISTITUTO GONZAGA,ISTRUZIONE,SCUOLE SECONDARIE DI SECONDO GRADO,LICEO,STUDENTI,SERVIZI PRIVATI ESISTENTI,167,3048,VIA VITRUVIO 41,ENTE PRIVATO RELIGIOSO,PRIVATA PARITARIA,8,LICEO SCIENTIFICO,DIURNO,2,10,STAZIONE CENTRALE - PONTE SEVESO,9.206044735,45.48258711,"(45.4825871136999, 9.20604473524224)",,
4199,3,,1516930.918,5033004.552,LSS A.EINSTEIN,ISTRUZIONE,SCUOLE SECONDARIE DI SECONDO GRADO,LICEO,STUDENTI,SERVIZI PUBBLICI ESISTENTI,1000,4192,VIA EINSTEIN ALBERTO 3,STATALE,PARITARIA,46,LICEO SCIENTIFICO STATALE,DIURNO,4,28,UMBRIA - MOLISE - CALVAIRATE,9.216161485,45.45018162,"(45.4501816174385, 9.21616148523445)",,
7221,96,,1512306.909,5037940.016,LSS P.BOTTONI,ISTRUZIONE,SCUOLE SECONDARIE DI SECONDO GRADO,LICEO,STUDENTI,SERVIZI PUBBLICI ESISTENTI,847,4193,VIA MAC MAHON 96,STATALE,PARITARIA,36,LICEO SCIENTIFICO STATALE,DIURNO,8,71,VILLAPIZZONE - CAGNOLA - BOLDINASCO,9.157152194,45.49470203,"(45.4947020291818, 9.15715219351392)",,
1066,16,,1514206.849,5036230.456,LSS F.SEVERI,ISTRUZIONE,SCUOLE SECONDARIE DI SECONDO GRADO,LICEO,STUDENTI,SERVIZI PUBBLICI ESISTENTI,797,4194,BST DI PORTA VOLTA 16,STATALE,PARITARIA,37,LICEO SCIENTIFICO STATALE,DIURNO,1,69,SARPI,9.181418702,45.47927841,"(45.4792784112699, 9.18141870153592)",,
6353,12,,1512783.494,5035670.256,LS LEONE XIII,ISTRUZIONE,SCUOLE SECONDARIE DI SECONDO GRADO,LICEO,STUDENTI,SERVIZI PRIVATI ESISTENTI,300,3066,VIA LEONE XIII 12,ENTE PRIVATO RELIGIOSO,PRIVATA PARITARIA,13,LICEO SCIENTIFICO,DIURNO,8,68,PAGANO,9.163192753,45.47426349,"(45.4742634885873, 9.16319275291892)",,
1526,16,,1514925.114,5039196.346,IISS B.RUSSELL,ISTRUZIONE,SCUOLE SECONDARIE DI SECONDO GRADO,ISTITUTO ISTRUZIONE SUPERIORE,STUDENTI,SERVIZI PUBBLICI ESISTENTI,350,4196,VIA GATTI FRANCESCO 16,STATALE,PARITARIA,18,ISTITUTO ISTRUZIONE SUPERIORE STATALE,DIURNO,9,14,NIGUARDA - CA' GRANDA - PRATO CENTENARO - Q.RE FULVIO TESTI,9.190698604,45.50595923,"(45.5059592334418, 9.19069860355594)",,
2261,62,,1516856.633,5038006.111,LS NUOVO ISTITUTO STUDIUM,ISTRUZIONE,SCUOLE SECONDARIE DI SECONDO GRADO,LICEO,STUDENTI,SERVIZI PRIVATI ESISTENTI,140,4197,VIA APORTI FERRANTE 62,ENTE PRIVATO LAICO,PRIVATA PARITARIA,6,LICEO SCIENTIFICO,DIURNO,2,20,LORETO - CASORETTO - NOLO,9.215382666,45.49520217,"(45.4952021666917, 9.21538266615061)",,
3100,6,,1517568.603,5034413.802,LSS R.DONATELLI-B.PASCAL,ISTRUZIONE,SCUOLE SECONDARIE DI SECONDO GRADO,LICEO,STUDENTI,SERVIZI PUBBLICI ESISTENTI,823,4198,VLE CAMPANIA 6,STATALE,PARITARIA,35,LICEO SCIENTIFICO STATALE,DIURNO,4,25,CORSICA,9.224366484,45.46285053,"(45.4628505285674, 9.22436648377769)",,
3228,11,,1518139.478,5035329.401,LS MARIA IMMACOLATA,ISTRUZIONE,SCUOLE SECONDARIE DI SECONDO GRADO,LICEO,STUDENTI,SERVIZI PRIVATI ESISTENTI,103,3104,VIA AMADEO GIAN ANTONIO 11,ENTE PRIVATO RELIGIOSO,PRIVATA PARITARIA,5,LICEO SCIENTIFICO,DIURNO,3,22,CITTA' STUDI,9.23170223,45.47107723,"(45.4710772293451, 9.23170223022908)",,
2659,78,,1519732.943,5037012.016,LS FONDAZIONE SACRO CUORE,ISTRUZIONE,SCUOLE SECONDARIE DI SECONDO GRADO,LICEO,STUDENTI,SERVIZI PRIVATI ESISTENTI,259,3110,VIA ROMBON 78,ENTE PRIVATO RELIGIOSO,PRIVATA PARITARIA,10,LICEO SCIENTIFICO,DIURNO,3,23,LAMBRATE - ORTICA,9.252154556,45.48617919,"(45.486179190926, 9.25215455635025)",,
2178,39,,1516058.178,5035470.411,LS SCUOLA EUROPA,ISTRUZIONE,SCUOLE SECONDARIE DI SECONDO GRADO,LICEO,STUDENTI,SERVIZI PRIVATI ESISTENTI,136,3124,VLE MAJNO LUIGI 39,ENTE PRIVATO RELIGIOSO,PRIVATA PARITARIA,6,LICEO SCIENTIFICO,DIURNO,1,4,GUASTALLA,9.205081113,45.47239728,"(45.4723972805728, 9.20508111310398)",,
5436,7,,1514094.634,5030666.412,LS S.ALLENDE,ISTRUZIONE,SCUOLE SECONDARIE DI SECONDO GRADO,LICEO,STUDENTI,SERVIZI PUBBLICI ESISTENTI,602,4203,VIA DINI ULISSE 7,STATALE,PARITARIA,29,LICEO SCIENTIFICO STATALE,DIURNO,5,42,STADERA - CHIESA ROSSA - Q.RE TORRETTA - CONCA FALLATA,9.179824002,45.42919875,"(45.4291987541814, 9.17982400171202)",,
6821,5,,1511391.144,5033451.262,LSS E.VITTORINI,ISTRUZIONE,SCUOLE SECONDARIE DI SECONDO GRADO,LICEO,STUDENTI,SERVIZI PUBBLICI ESISTENTI,978,4205,VIA DONATI MARIO 5,STATALE,PARITARIA,43,LICEO SCIENTIFICO STATALE,DIURNO,6,52,BANDE NERE,9.145328385,45.45431435,"(45.454314346657, 9.14532838512518)",,
6688,31,,1510069.709,5032899.787,LSS G MARCONI,ISTRUZIONE,SCUOLE SECONDARIE DI SECONDO GRADO,LICEO,STUDENTI,SERVIZI PUBBLICI ESISTENTI,849,4206,VIA DEI GIACINTI 31,STATALE,PARITARIA,36,LICEO SCIENTIFICO STATALE,DIURNO,6,53,LORENTEGGIO,9.128417198,45.44937071,"(45.4493707112871, 9.12841719752473)",,
6860,11,,1509801.159,5037294.601,IISS G.CARDANO,ISTRUZIONE,SCUOLE SECONDARIE DI SECONDO GRADO,ISTITUTO ISTRUZIONE SUPERIORE,STUDENTI,SERVIZI PUBBLICI ESISTENTI,532,4207,VIA NATTA GIULIO 11,STATALE,PARITARIA,24,ISTITUTO ISTRUZIONE SUPERIORE STATALE,DIURNO,8,65,Q.RE GALLARATESE - Q.RE SAN LEONARDO - LAMPUGNANO,9.125070207,45.4889322,"(45.4889322000283, 9.1250702073438)",,
6134,7,,1511093.754,5036019.941,LSS VITTORIO VENETO,ISTRUZIONE,SCUOLE SECONDARIE DI SECONDO GRADO,LICEO,STUDENTI,SERVIZI PUBBLICI ESISTENTI,1083,4208,VIA DE VINCENTI ANGELO 7,STATALE,PARITARIA,53,LICEO SCIENTIFICO STATALE,DIURNO,7,57,SAN SIRO,9.141582768,45.47743977,"(45.4774397703086, 9.14158276841)",,
6571,5,,1510021.404,5035142.356,LS SAN CELSO,ISTRUZIONE,SCUOLE SECONDARIE DI SECONDO GRADO,LICEO,STUDENTI,SERVIZI PRIVATI ESISTENTI,133,3168,VIA PARAVIA PIER ALESSANDRO 5,ENTE PRIVATO LAICO,PRIVATA PARITARIA,5,LICEO SCIENTIFICO,DIURNO,7,60,STADIO - IPPODROMI,9.127844964,45.46955678,"(45.4695567821142, 9.12784496359154)",,
1039,4,,1514785.329,5035675.866,LCS G.PARINI,ISTRUZIONE,SCUOLE SECONDARIE DI SECONDO GRADO,LICEO,STUDENTI,SERVIZI PUBBLICI ESISTENTI,825,4211,VIA GOITO 4,STATALE,PARITARIA,36,LICEO CLASSICO STATALE,DIURNO,1,2,BRERA,9.18880354,45.4742746,"(45.4742745993786, 9.1888035398243)",,
3146,26,,1515604.718,5033610.272,LCS G.BERCHET,ISTRUZIONE,SCUOLE SECONDARIE DI SECONDO GRADO,LICEO,STUDENTI,SERVIZI PUBBLICI ESISTENTI,1147,4212,VIA DELLA COMMENDA 26,STATALE,PARITARIA,49,LICEO CLASSICO STATALE,DIURNO,1,4,GUASTALLA,9.199221056,45.45566448,"(45.4556644798881, 9.19922105638071)",,
3033,12,,1515830.093,5034647.667,LCS SETTI CARRARO DALLA CHIESA,ISTRUZIONE,SCUOLE SECONDARIE DI SECONDO GRADO,LICEO,STUDENTI,SERVIZI PUBBLICI ESISTENTI,168,4213,VIA PASSIONE 12,STATALE,PARITARIA,10,LICEO CLASSICO STATALE,DIURNO,1,4,GUASTALLA,9.202136764,45.46499699,"(45.464996988461, 9.20213676384137)",,
552,3,,1513923.734,5034068.217,LCS A.MANZONI,ISTRUZIONE,SCUOLE SECONDARIE DI SECONDO GRADO,LICEO,STUDENTI,SERVIZI PUBBLICI ESISTENTI,847,4214,VIA ORAZIO 3,STATALE,PARITARIA,37,LICEO CLASSICO STATALE,DIURNO,1,1,DUOMO,9.177735264,45.45982185,"(45.4598218471176, 9.17773526406561)",,
1064,8,,1514697.194,5036321.586,LC GANDHI CIVICO SERALE,ISTRUZIONE,SCUOLE SECONDARIE DI SECONDO GRADO,LICEO,STUDENTI,SERVIZI PUBBLICI ESISTENTI,47,4216,PZA VENTICINQUE APRILE 8,COMUNALE,PARITARIA,5,LICEO CLASSICO CIVICO SERALE,SERALE,1,2,BRERA,9.187695239,45.48008855,"(45.480088549787, 9.1876952389084)",,
3031,4,,1515919.003,5034568.747,LC ISTITUTO VITTORIA COLONNA,ISTRUZIONE,SCUOLE SECONDARIE DI SECONDO GRADO,LICEO,STUDENTI,SERVIZI PRIVATI ESISTENTI,130,3020,VIA CONSERVATORIO 4,ENTE PRIVATO RELIGIOSO,PRIVATA PARITARIA,5,LICEO CLASSICO,DIURNO,1,4,GUASTALLA,9.203271504,45.46428462,"(45.4642846174497, 9.20327150377004)",,
604,71,,1513299.809,5034706.767,LC COLLEGIO S.CARLO,ISTRUZIONE,SCUOLE SECONDARIE DI SECONDO GRADO,LICEO,STUDENTI,SERVIZI PRIVATI ESISTENTI,216,3024,CSO MAGENTA 71,ENTE PRIVATO RELIGIOSO,PRIVATA PARITARIA,12,LICEO CLASSICO,DIURNO,1,7,MAGENTA - S. VITTORE,9.169772284,45.46558154,"(45.4655815409406, 9.16977228438613)",,
554,53,,1513676.364,5034255.372,LC ORSOLINE DI S.CARLO,ISTRUZIONE,SCUOLE SECONDARIE DI SECONDO GRADO,LICEO,STUDENTI,SERVIZI PRIVATI ESISTENTI,96,4221,VIA LANZONE 53,ENTE PRIVATO RELIGIOSO,PRIVATA PARITARIA,5,LICEO CLASSICO,DIURNO,1,1,DUOMO,9.174576514,45.4615113,"(45.4615112965674, 9.17457651389947)",,
3146,5,,1515575.598,5034000.422,LC ISTITUTO ZACCARIA,ISTRUZIONE,SCUOLE SECONDARIE DI SECONDO GRADO,LICEO,STUDENTI,SERVIZI PRIVATI ESISTENTI,120,3026,VIA DELLA COMMENDA 5,ENTE PRIVATO RELIGIOSO,PRIVATA PARITARIA,5,LICEO CLASSICO,DIURNO,1,4,GUASTALLA,9.198860953,45.45917686,"(45.4591768595565, 9.19886095299163)",,
4103,34,,1515793.938,5033741.507,LC EDMONDO DE AMICIS,ISTRUZIONE,SCUOLE SECONDARIE DI SECONDO GRADO,LICEO,STUDENTI,SERVIZI PRIVATI ESISTENTI,137,3027,VIA LAMARMORA ALFONSO 34,ENTE PRIVATO LAICO,PRIVATA PARITARIA,8,LICEO CLASSICO,DIURNO,1,4,GUASTALLA,9.20164526,45.45684148,"(45.4568414841477, 9.20164526035925)",,
1204,9,,1515744.118,5037210.036,LC S.AMBROGIO SALESIANO,ISTRUZIONE,SCUOLE SECONDARIE DI SECONDO GRADO,LICEO,STUDENTI,SERVIZI PRIVATI ESISTENTI,180,3038,VIA COPERNICO NICOLO' 9,ENTE PRIVATO RELIGIOSO,PRIVATA PARITARIA,7,LICEO CLASSICO,DIURNO,2,10,STAZIONE CENTRALE - PONTE SEVESO,9.201118909,45.48806267,"(45.4880626741533, 9.20111890913409)",,
2134,41,,1516130.603,5036602.681,LC ISTITUTO GONZAGA,ISTRUZIONE,SCUOLE SECONDARIE DI SECONDO GRADO,LICEO,STUDENTI,SERVIZI PRIVATI ESISTENTI,279,3048,VIA VITRUVIO 41,ENTE PRIVATO RELIGIOSO,PRIVATA PARITARIA,15,LICEO CLASSICO,DIURNO,2,10,STAZIONE CENTRALE - PONTE SEVESO,9.206044735,45.48258711,"(45.4825871136999, 9.20604473524224)",,
6141,5,,1512857.914,5036122.046,LCS C.BECCARIA,ISTRUZIONE,SCUOLE SECONDARIE DI SECONDO GRADO,LICEO,STUDENTI,SERVIZI PUBBLICI ESISTENTI,1064,4229,VIA LINNEO CARLO 5,STATALE,PARITARIA,48,LICEO CLASSICO STATALE,DIURNO,8,68,PAGANO,9.164156634,45.47832867,"(45.4783286736616, 9.16415663408019)",,
6353,12,,1512783.494,5035670.256,LC LEONE XIII,ISTRUZIONE,SCUOLE SECONDARIE DI SECONDO GRADO,LICEO,STUDENTI,SERVIZI PRIVATI ESISTENTI,164,3066,VIA LEONE XIII 12,ENTE PRIVATO RELIGIOSO,PRIVATA PARITARIA,8,LICEO CLASSICO,DIURNO,8,68,PAGANO,9.163192753,45.47426349,"(45.4742634885873, 9.16319275291892)",,
557,4,,1514158.289,5034270.352,LC TITO LIVIO,ISTRUZIONE,SCUOLE SECONDARIE DI SECONDO GRADO,LICEO,STUDENTI,SERVIZI PUBBLICI ESISTENTI,935,4196,VIA CIRCO 4,STATALE,PARITARIA,41,LICEO CLASSICO STATALE,DIURNO,1,1,DUOMO,9.180741097,45.46163656,"(45.4616365622104, 9.1807410967052)",,
2267,9,,1516775.763,5037198.451,LCS G.CARDUCCI,ISTRUZIONE,SCUOLE SECONDARIE DI SECONDO GRADO,LICEO,STUDENTI,SERVIZI PUBBLICI ESISTENTI,872,4232,VIA BEROLDO 9,STATALE,PARITARIA,38,LICEO CLASSICO STATALE,DIURNO,2,20,LORETO - CASORETTO - NOLO,9.214320138,45.48793443,"(45.4879344307695, 9.2143201376632)",,
2261,62,,1516856.633,5038006.111,LC NUOVO ISTITUTO STUDIUM,ISTRUZIONE,SCUOLE SECONDARIE DI SECONDO GRADO,LICEO,STUDENTI,SERVIZI PRIVATI ESISTENTI,79,4197,VIA APORTI FERRANTE 62,ENTE PRIVATO LAICO,PRIVATA PARITARIA,5,LICEO CLASSICO,DIURNO,2,20,LORETO - CASORETTO - NOLO,9.215382666,45.49520217,"(45.4952021666917, 9.21538266615061)",,
2585,75,,1517981.633,5036488.656,LC F.A.E.S MONFORTE,ISTRUZIONE,SCUOLE SECONDARIE DI SECONDO GRADO,LICEO,STUDENTI,SERVIZI PRIVATI ESISTENTI,66,3105,VIA PONZIO GIUSEPPE 75,ENTE PRIVATO LAICO,PRIVATA PARITARIA,5,LICEO CLASSICO,DIURNO,3,22,CITTA' STUDI,9.22972528,45.48151568,"(45.4815156754025, 9.22972528049335)",,
2659,78,,1519732.943,5037012.016,LC FONDAZIONE SACRO CUORE,ISTRUZIONE,SCUOLE SECONDARIE DI SECONDO GRADO,LICEO,STUDENTI,SERVIZI PRIVATI ESISTENTI,149,3110,VIA ROMBON 78,ENTE PRIVATO RELIGIOSO,PRIVATA PARITARIA,5,LICEO CLASSICO,DIURNO,3,23,LAMBRATE - ORTICA,9.252154556,45.48617919,"(45.486179190926, 9.25215455635025)",,
402,105,,1515581.878,5033455.962,LC G.B.MONTINI,ISTRUZIONE,SCUOLE SECONDARIE DI SECONDO GRADO,LICEO,STUDENTI,SERVIZI PRIVATI ESISTENTI,118,3021,CSO DI PORTA ROMANA 105,ENTE PRIVATO RELIGIOSO,PRIVATA PARITARIA,5,LICEO CLASSICO,DIURNO,1,4,GUASTALLA,9.198924072,45.45427605,"(45.4542760465093, 9.19892407247393)",,
6175,1,,1513100.749,5035150.311,LL Sr. MARCELLINE,ISTRUZIONE,SCUOLE SECONDARIE DI SECONDO GRADO,LICEO,STUDENTI,SERVIZI PRIVATI ESISTENTI,115,3029,PZA TOMMASEO NICOLO' 1,ENTE PRIVATO RELIGIOSO,PRIVATA PARITARIA,6,LICEO LINGUISTICO,DIURNO,1,7,MAGENTA - S. VITTORE,9.167237767,45.46957762,"(45.4695776195498, 9.16723776668334)",,
5182,9,,1514095.059,5033721.907,LL EUROPEO GIACOMO LEOPARDI,ISTRUZIONE,SCUOLE SECONDARIE DI SECONDO GRADO,LICEO,STUDENTI,SERVIZI PRIVATI ESISTENTI,246,3028,VIA ARENA 9,ENTE PRIVATO LAICO,PRIVATA PARITARIA,10,LICEO LINGUISTICO,DIURNO,1,6,PORTA TICINESE - CONCA DEL NAVIGLIO,9.179916668,45.45670129,"(45.4567012910427, 9.17991666835773)",,
3033,12,,1515830.093,5034647.667,LL SETTI CARRARO DALLA CHIESA,ISTRUZIONE,SCUOLE SECONDARIE DI SECONDO GRADO,LICEO,STUDENTI,SERVIZI PUBBLICI ESISTENTI,85,3013,VIA PASSIONE 12,STATALE,PARITARIA,5,LICEO LINGUISTICO STATALE,DIURNO,1,4,GUASTALLA,9.202136764,45.46499699,"(45.464996988461, 9.20213676384137)",,
6283,4,,1512043.794,5035135.436,LL DARDI,ISTRUZIONE,SCUOLE SECONDARIE DI SECONDO GRADO,LICEO,STUDENTI,SERVIZI PRIVATI ESISTENTI,104,4249,VIA SANZIO RAFFAELLO 4,ENTE PRIVATO LAICO,PRIVATA PARITARIA,6,LICEO LINGUISTICO,DIURNO,7,58,DE ANGELI - MONTE ROSA,9.153716277,45.46946269,"(45.4694626858916, 9.15371627727701)",,
5137,88,,1511236.824,5033076.087,LL INTERNAZIONALE,ISTRUZIONE,SCUOLE SECONDARIE DI SECONDO GRADO,LICEO,STUDENTI,SERVIZI PRIVATI ESISTENTI,63,4251,VIA VESPRI SICILIANI 88,ENTE PRIVATO LAICO,PRIVATA PARITARIA,4,LICEO LINGUISTICO,DIURNO,6,49,GIAMBELLINO,9.143346239,45.45093988,"(45.4509398800053, 9.1433462385311)",,
2686,6,,1519474.473,5035938.561,LL MANZONI CIVICO,ISTRUZIONE,SCUOLE SECONDARIE DI SECONDO GRADO,LICEO,STUDENTI,SERVIZI PUBBLICI ESISTENTI,1055,4252,VIA RUBATTINO RAFFAELE 6,COMUNALE,PARITARIA,50,LICEO LINGUISTICO,DIURNO,3,23,LAMBRATE - ORTICA,9.248804646,45.47652436,"(45.4765243623872, 9.24880464567349)",,
4182,18,,1517772.068,5031884.862,LL SAN VINCENZO REGINA MUNDI,ISTRUZIONE,SCUOLE SECONDARIE DI SECONDO GRADO,LICEO,STUDENTI,SERVIZI PRIVATI ESISTENTI,39,3123,VIA BONCOMPAGNI CARLO 18,ENTE PRIVATO RELIGIOSO,PRIVATA PARITARIA,3,LICEO LINGUISTICO,DIURNO,4,35,LODI - CORVETTO,9.226877846,45.44008248,"(45.4400824773094, 9.22687784645065)",,
6613,19,,1510666.724,5033968.042,IA BEATO ANGELICO,ISTRUZIONE,SCUOLE SECONDARIE DI SECONDO GRADO,ISTITUTO D'ARTE,STUDENTI,SERVIZI PRIVATI ESISTENTI,23,4255,VLE SAN GIMIGNANO 19,ENTE PRIVATO RELIGIOSO,PRIVATA PARITARIA,4,ISTITUTO D'ARTE,DIURNO,6,52,BANDE NERE,9.136074874,45.45897727,"(45.4589772722627, 9.13607487415518)",,
554,53,,1513676.364,5034255.372,LA ORSOLINE DI S.CARLO,ISTRUZIONE,SCUOLE SECONDARIE DI SECONDO GRADO,LICEO,STUDENTI,SERVIZI PRIVATI ESISTENTI,252,3023,VIA LANZONE 53,ENTE PRIVATO RELIGIOSO,PRIVATA PARITARIA,11,LICEO ARTISTICO,DIURNO,1,1,DUOMO,9.174576514,45.4615113,"(45.4615112965674, 9.17457651389947)",,
6365,4,,1511807.154,5036087.686,LAS U.BOCCIONI,ISTRUZIONE,SCUOLE SECONDARIE DI SECONDO GRADO,LICEO,STUDENTI,SERVIZI PUBBLICI ESISTENTI,981,4258,PLE ARDUINO 4,STATALE,PARITARIA,45,LICEO ARTISTICO STATALE,DIURNO,8,58,DE ANGELI - MONTE ROSA,9.150711852,45.47803789,"(45.478037889925, 9.15071185238688)",,
2329,47,,1518236.248,5038432.081,LAS  CARAVAGGIO,ISTRUZIONE,SCUOLE SECONDARIE DI SECONDO GRADO,LICEO,STUDENTI,SERVIZI PUBBLICI ESISTENTI,682,4259,VIA PRINETTI LUIGI 47,STATALE,PARITARIA,34,LICEO ARTISTICO STATALE,DIURNO,2,19,PADOVA - TURRO - CRESCENZAGO,9.233055151,45.49900167,"(45.4990016733164, 9.23305515057226)",,
3091,27,,1517094.203,5034611.822,Iø LAS,ISTRUZIONE,SCUOLE SECONDARIE DI SECONDO GRADO,LICEO,STUDENTI,SERVIZI PUBBLICI ESISTENTI,1208,4260,VIA HAJECH CAMILLO 27,STATALE,PARITARIA,55,LICEO ARTISTICO STATALE,DIURNO,4,26,XXII MARZO,9.218305321,45.46464464,"(45.4646446380984, 9.21830532072113)",,
3091,27,,1517094.203,5034611.822,Iø LAS SERALE,ISTRUZIONE,SCUOLE SECONDARIE DI SECONDO GRADO,LICEO,STUDENTI,SERVIZI PUBBLICI ESISTENTI,65,4260,VIA HAJECH CAMILLO 27,STATALE,PARITARIA,3,LICEO ARTISTICO STATALE,DIURNO,4,26,XXII MARZO,9.218305321,45.46464464,"(45.4646446380984, 9.21830532072113)",,
2659,78,,1519732.943,5037012.016,LA FONDAZIONE SACRO CUORE,ISTRUZIONE,SCUOLE SECONDARIE DI SECONDO GRADO,LICEO,STUDENTI,SERVIZI PRIVATI ESISTENTI,151,3110,VIA ROMBON 78,ENTE PRIVATO RELIGIOSO,PRIVATA PARITARIA,5,LICEO ARTISTICO,DIURNO,3,23,LAMBRATE - ORTICA,9.252154556,45.48617919,"(45.486179190926, 9.25215455635025)",,
1267,88,,1513103.944,5038860.496,ITC SANTA GEMMA,ISTRUZIONE,SCUOLE SECONDARIE DI SECONDO GRADO,ISTITUTO TECNICO,STUDENTI,SERVIZI PRIVATI ESISTENTI,50,3075,VIA BALDINUCCI FILIPPO 88,ENTE PRIVATO RELIGIOSO,PRIVATA PARITARIA,3,ISTITUTO TECNICO COMMERCIALE,DIURNO,9,77,BOVISA,9.167377311,45.50297275,"(45.5029727452288, 9.16737731132012)",,
2682,15,,1519153.763,5035618.106,ITT P.P.PASOLINI,ISTRUZIONE,SCUOLE SECONDARIE DI SECONDO GRADO,ISTITUTO TECNICO,STUDENTI,SERVIZI PUBBLICI ESISTENTI,780,4269,VIA BISTOLFI LEONARDO 15,STATALE,PARITARIA,37,ISTITUTO TECNICO PER IL TURISMO STATALE,DIURNO,3,23,LAMBRATE - ORTICA,9.244689006,45.47364882,"(45.4736488232146, 9.2446890062416)",,
2524,16,,1518922.133,5038460.211,ITAS G.NATTA,ISTRUZIONE,SCUOLE SECONDARIE DI SECONDO GRADO,ISTITUTO TECNICO,STUDENTI,SERVIZI PUBBLICI ESISTENTI,1023,4270,VIA CALABRIA DON GIOVANNI 16,STATALE,PARITARIA,47,ISTITUTO TECNICO ATTIVITA' SOCIALI STATALE,DIURNO,3,18,CIMIANO - ROTTOLE - Q.RE FELTRE,9.241834961,45.49923665,"(45.4992366460769, 9.2418349609102)",,
6810,4,,1510791.929,5033614.737,IT  SCUOLA COMUNITA' EBRAICA,ISTRUZIONE,SCUOLE SECONDARIE DI SECONDO GRADO,ISTITUTO TECNICO,STUDENTI,SERVIZI PRIVATI ESISTENTI,34,3145,VIA MAYER SALLY 4,ENTE PRIVATO LAICO,PRIVATA PARITARIA,5,ISTITUTO TECNICO,DIURNO,6,52,BANDE NERE,9.137668544,45.45579526,"(45.4557952572962, 9.13766854412073)",,
402,105,,1515581.878,5033455.962,LL G.B.MONTINI,ISTRUZIONE,SCUOLE SECONDARIE DI SECONDO GRADO,LICEO,STUDENTI,SERVIZI PRIVATI ESISTENTI,75,3021,CSO DI PORTA ROMANA 105,ENTE PRIVATO RELIGIOSO,PRIVATA PARITARIA,5,LICEO LINGUISTICO,DIURNO,1,4,GUASTALLA,9.198924072,45.45427605,"(45.4542760465093, 9.19892407247393)",,
4026,14,,1515319.393,5033521.207,LA  GIOVANNI XXIII,ISTRUZIONE,SCUOLE SECONDARIE DI SECONDO GRADO,LICEO,STUDENTI,SERVIZI PRIVATI ESISTENTI,83,4277,CSO DI PORTA VIGENTINA 14,ENTE PRIVATO LAICO,PRIVATA PARITARIA,6,LICEO ARTISTICO,DIURNO,1,5,PORTA VIGENTINA - PORTA LODOVICA,9.195569168,45.4548691,"(45.4548691026392, 9.19556916751599)",,
4103,34,,1515793.938,5033741.507,IT NATIONAL AVIO SCHOOL,ISTRUZIONE,SCUOLE SECONDARIE DI SECONDO GRADO,ISTITUTO TECNICO,STUDENTI,SERVIZI PRIVATI ESISTENTI,54,3027,VIA LAMARMORA ALFONSO 34,ENTE PRIVATO LAICO,PRIVATA PARITARIA,5,ISTITUTO TECNICO,DIURNO,1,4,GUASTALLA,9.20164526,45.45684148,"(45.4568414841477, 9.20164526035925)",,
1108,51,,1515533.393,5037159.686,LS MARIA CONSOLATRICE,ISTRUZIONE,SCUOLE SECONDARIE DI SECONDO GRADO,LICEO,STUDENTI,SERVIZI PRIVATI ESISTENTI,187,3036,VIA GIOIA MELCHIORRE 51,ENTE PRIVATO RELIGIOSO,PRIVATA PARITARIA,10,LICEO SCIENTIFICO,DIURNO,2,11,ISOLA,9.19842074,45.48761419,"(45.4876141853097, 9.1984207397984)",,
5261,4,,1513847.454,5031565.437,LS  MADRE A.COCCHETTI,ISTRUZIONE,SCUOLE SECONDARIE DI SECONDO GRADO,LICEO,STUDENTI,SERVIZI PRIVATI ESISTENTI,80,3129,VLE GIOVANNI DA CERMENATE 4,ENTE PRIVATO RELIGIOSO,PRIVATA PARITARIA,5,LICEO SCIENTIFICO,DIURNO,5,42,STADERA - CHIESA ROSSA - Q.RE TORRETTA - CONCA FALLATA,9.176689405,45.43729583,"(45.4372958251606, 9.17668940486075)",,
6672,12,,1510019.384,5032713.882,LS ALEXIS CARREL,ISTRUZIONE,SCUOLE SECONDARIE DI SECONDO GRADO,LICEO,STUDENTI,SERVIZI PRIVATI ESISTENTI,208,4289,VIA INGANNI ANGELO 12,ENTE PRIVATO LAICO,PRIVATA PARITARIA,10,LICEO SCIENTIFICO,DIURNO,6,53,LORENTEGGIO,9.127769875,45.4476981,"(45.4476980956169, 9.12776987461916)",,
2134,41,,1516130.603,5036602.681,LICEO EUROPEO ISTITUTO GONZAGA,ISTRUZIONE,SCUOLE SECONDARIE DI SECONDO GRADO,LICEO,STUDENTI,SERVIZI PRIVATI ESISTENTI,0,3048,VIA VITRUVIO 41,ENTE PRIVATO RELIGIOSO,PRIVATA PARITARIA,0,LICEO EUROPEO,DIURNO,2,10,STAZIONE CENTRALE - PONTE SEVESO,9.206044735,45.48258711,"(45.4825871136999, 9.20604473524224)",,
2221,45,,1518414.173,5036278.076,LS RUDOLF STEINER,ISTRUZIONE,SCUOLE SECONDARIE DI SECONDO GRADO,LICEO,STUDENTI,SERVIZI PRIVATI ESISTENTI,67,3182,VIA CLERICETTI CELESTE 45,ENTE PRIVATO LAICO,PRIVATA PARITARIA,5,LICEO SCIENTIFICO,DIURNO,3,22,CITTA' STUDI,9.235251827,45.47960901,"(45.4796090134659, 9.23525182671483)",,
1108,51,,1515533.393,5037159.686,LS EUROPEO MARIA CONSOLATRICE,ISTRUZIONE,SCUOLE SECONDARIE DI SECONDO GRADO,LICEO,STUDENTI,SERVIZI PRIVATI ESISTENTI,0,3036,VIA GIOIA MELCHIORRE 51,ENTE PRIVATO RELIGIOSO,PRIVATA PARITARIA,0,LICEO SCIENTIFICO,DIURNO,2,11,ISOLA,9.19842074,45.48761419,"(45.4876141853097, 9.1984207397984)",,
7473,1,,1510260.869,5040137.026,IPSSCT P.FRISI SERALE,ISTRUZIONE,SCUOLE SECONDARIE DI SECONDO GRADO,ISTITUTO PROFESSIONALE,STUDENTI,SERVIZI PUBBLICI ESISTENTI,352,4042,VIA OTRANTO 1,STATALE,PARITARIA,20,ISTITUTO PROFESSIONALE STATALE PER I SERVIZI COMMERCIALI E TURISTICI SERALE,SERALE,8,76,QUARTO OGGIARO - VIALBA - MUSOCCO,9.131012255,45.51451012,"(45.5145101194897, 9.13101225459406)",,
5182,9,,1514095.059,5033721.907,LS GIACOMO LEOPARDI,ISTRUZIONE,SCUOLE SECONDARIE DI SECONDO GRADO,LICEO,STUDENTI,SERVIZI PRIVATI ESISTENTI,188,3028,VIA ARENA 9,ENTE PRIVATO LAICO,PRIVATA PARITARIA,8,LICEO SCIENTIFICO,DIURNO,1,6,PORTA TICINESE - CONCA DEL NAVIGLIO,9.179916668,45.45670129,"(45.4567012910427, 9.17991666835773)",,
3087,12,,1516614.373,5034503.052,IPSS MARIA AUSILIATRICE,ISTRUZIONE,SCUOLE SECONDARIE DI SECONDO GRADO,ISTITUTO PROFESSIONALE,STUDENTI,SERVIZI PRIVATI ESISTENTI,236,3053,VIA BONVESIN DE LA RIVA 12,ENTE PRIVATO RELIGIOSO,PRIVATA PARITARIA,10,ISTITUTO PROFESSIONALE SERVIZI SOCIALI,DIURNO,4,26,XXII MARZO,9.21216397,45.46367715,"(45.4636771507376, 9.21216397048883)",,
3087,12,,1516614.373,5034503.052,LICEO MARIA AUSILIATRICE,ISTRUZIONE,SCUOLE SECONDARIE DI SECONDO GRADO,LICEO,STUDENTI,SERVIZI PRIVATI ESISTENTI,91,3053,VIA BONVESIN DE LA RIVA 12,ENTE PRIVATO RELIGIOSO,PRIVATA PARITARIA,5,LICEO DELLA COMUNICAZIONE,DIURNO,4,26,XXII MARZO,9.21216397,45.46367715,"(45.4636771507376, 9.21216397048883)",,
2261,12,,1516346.518,5037227.906,LS CARDUCCI,ISTRUZIONE,SCUOLE SECONDARIE DI SECONDO GRADO,LICEO,STUDENTI,SERVIZI PRIVATI ESISTENTI,72,4302,VIA APORTI FERRANTE 12,ENTE PRIVATO LAICO,PRIVATA PARITARIA,5,LICEO SCIENTIFICO,DIURNO,2,10,STAZIONE CENTRALE - PONTE SEVESO,9.20882822,45.48820971,"(45.488209710749, 9.20882822016209)",,
7082,24,,1514231.289,5035885.611,LS SCUOLA GERMANICA,ISTRUZIONE,SCUOLE SECONDARIE DI SECONDO GRADO,ISTITUTO SUPERIORE STRANIERO,STUDENTI,SERVIZI PRIVATI ESISTENTI,0,3190,VIA LEGNANO 24,ENTE PRIVATO LAICO,PRIVATA NON PARITARIA,0,ISTITUTO SUPERIORE STRANIERO,DIURNO,1,2,BRERA,9.181721445,45.47617398,"(45.47617398063, 9.18172144521134)",,
2221,45,,1518414.173,5036278.076,IA RUDOLF STEINER,ISTRUZIONE,SCUOLE SECONDARIE DI SECONDO GRADO,ISTITUTO D'ARTE,STUDENTI,SERVIZI PRIVATI ESISTENTI,53,3182,VIA CLERICETTI CELESTE 45,ENTE PRIVATO LAICO,PRIVATA PARITARIA,5,ISTITUTO D'ARTE,DIURNO,3,22,CITTA' STUDI,9.235251827,45.47960901,"(45.4796090134659, 9.23525182671483)",,
6504,12,,1510876.494,5035994.101,LYCEE STENDHAL,ISTRUZIONE,SCUOLE SECONDARIE DI SECONDO GRADO,ISTITUTO SUPERIORE STRANIERO,STUDENTI,SERVIZI PRIVATI ESISTENTI,0,3193,VIA LAVENO 12,ENTE PRIVATO LAICO,PRIVATA NON PARITARIA,0,ISTITUTO SUPERIORE STRANIERO,DIURNO,7,60,STADIO - IPPODROMI,9.138802505,45.47721059,"(45.4772105884742, 9.13880250548015)",,
3034,1,,1515922.123,5034706.332,INTERNATIONAL SCHOOL OF MILAN,ISTRUZIONE,SCUOLE SECONDARIE DI SECONDO GRADO,ISTITUTO SUPERIORE STRANIERO,STUDENTI,SERVIZI PRIVATI ESISTENTI,0,4309,VIA BELLINI VINCENZO 1,ENTE PRIVATO LAICO,PRIVATA NON PARITARIA,0,ISTITUTO SUPERIORE STRANIERO,DIURNO,1,4,GUASTALLA,9.203315857,45.46552294,"(45.4655229442231, 9.20331585688783)",,
1539,65,,1512244.639,5040975.286,IPSSAR GIANNI BRERA,ISTRUZIONE,SCUOLE SECONDARIE DI SECONDO GRADO,ISTITUTO PROFESSIONALE,STUDENTI,SERVIZI PUBBLICI ESISTENTI,750,4084,VIA LITTA MODIGNANI ALESSANDRO 65,STATALE,PARITARIA,31,ISTITUTO PROFESSIONALE STATALE ALBERGHIERO,DIURNO,9,81,BOVISASCA,9.156430744,45.52202334,"(45.5220233391383, 9.15643074403664)",,
2524,16,,1518922.133,5038460.211,LS F.BESTA,ISTRUZIONE,SCUOLE SECONDARIE DI SECONDO GRADO,LICEO,STUDENTI,SERVIZI PUBBLICI ESISTENTI,496,4118,VIA CALABRIA DON GIOVANNI 16,STATALE,PARITARIA,21,LICEO SCIENTIFICO STATALE,DIURNO,3,18,CIMIANO - ROTTOLE - Q.RE FELTRE,9.241834961,45.49923665,"(45.4992366460769, 9.2418349609102)",,
6810,4,,1510791.929,5033614.737,LS SCUOLA COMUNITA' EBRAICA,ISTRUZIONE,SCUOLE SECONDARIE DI SECONDO GRADO,LICEO,STUDENTI,SERVIZI PRIVATI ESISTENTI,63,3145,VIA MAYER SALLY 4,ENTE PRIVATO LAICO,PRIVATA PARITARIA,7,LICEO SCIENTIFICO,DIURNO,6,52,BANDE NERE,9.137668544,45.45579526,"(45.4557952572962, 9.13766854412073)",,
3031,12,,1515909.028,5034615.457,CONSERVATORIO GIUSEPPE VERDI,ISTRUZIONE,SCUOLE SECONDARIE DI SECONDO GRADO,CONSERVATORIO,STUDENTI,SERVIZI PUBBLICI ESISTENTI,0,4321,VIA CONSERVATORIO 12,STATALE,PARITARIA,0,CONSERVATORIO,DIURNO,1,4,GUASTALLA,9.203145418,45.46470528,"(45.4647052791406, 9.20314541811784)",,
6810,4,,1510791.929,5033614.737,LL SCUOLA COMUNITA' EBRAICA,ISTRUZIONE,SCUOLE SECONDARIE DI SECONDO GRADO,LICEO,STUDENTI,SERVIZI PRIVATI ESISTENTI,53,3145,VIA MAYER SALLY 4,ENTE PRIVATO LAICO,PRIVATA PARITARIA,7,LICEO LINGUISTICO,DIURNO,6,52,BANDE NERE,9.137668544,45.45579526,"(45.4557952572962, 9.13766854412073)",,
2275,116,,1518070.203,5038111.766,IPIA G.CASATI SERALE,ISTRUZIONE,SCUOLE SECONDARIE DI SECONDO GRADO,ISTITUTO PROFESSIONALE,STUDENTI,SERVIZI PRIVATI ESISTENTI,86,4015,VIA PADOVA 116,ENTE PRIVATO LAICO,PRIVATA PARITARIA,3,ISTITUTO PROFESSIONALE PER L'INDUSTRIA E L'ARTIGIANATO SERALE,SERALE,2,19,PADOVA - TURRO - CRESCENZAGO,9.230918151,45.49612286,"(45.4961228611882, 9.23091815094671)",,
3122,9,,1516722.308,5035302.871,ITIS INFORMATICO S. FREUD,ISTRUZIONE,SCUOLE SECONDARIE DI SECONDO GRADO,ISTITUTO TECNICO,STUDENTI,SERVIZI PUBBLICI ESISTENTI,72,4325,VIA MODENA GUSTAVO 9,STATALE,PARITARIA,5,ISTITUTO TECNICO INDUSTRIALE STATALE,DIURNO,3,21,BUENOS AIRES - PORTA VENEZIA - PORTA MONFORTE,9.213571725,45.47087372,"(45.4708737167504, 9.21357172549051)",,
5422,35,,1513507.779,5028526.087,IP V.KANDINSKY SERALE,ISTRUZIONE,SCUOLE SECONDARIE DI SECONDO GRADO,ISTITUTO PROFESSIONALE,STUDENTI,SERVIZI PUBBLICI ESISTENTI,115,4078,VIA BARONI COSTANTINO 35,STATALE,PARITARIA,6,ISTITUTO PROFESSIONALE SERALE,DIURNO,5,41,GRATOSOGLIO - Q.RE MISSAGLIA - Q.RE TERRAZZE,9.172263526,45.40994512,"(45.4099451194148, 9.17226352588129)",,
5436,7,,1514094.634,5030666.412,LS  CLAUDIO VARALLI,ISTRUZIONE,SCUOLE SECONDARIE DI SECONDO GRADO,LICEO,STUDENTI,SERVIZI PUBBLICI ESISTENTI,104,4135,VIA DINI ULISSE 7,STATALE,PARITARIA,5,LICEO SCIENTIFICO STATALE,DIURNO,5,42,STADERA - CHIESA ROSSA - Q.RE TORRETTA - CONCA FALLATA,9.179824002,45.42919875,"(45.4291987541814, 9.17982400171202)",,
1526,14,,1514947.449,5039259.691,LSS GALVANI,ISTRUZIONE,SCUOLE SECONDARIE DI SECONDO GRADO,LICEO,STUDENTI,SERVIZI PUBBLICI ESISTENTI,47,4070,VIA GATTI FRANCESCO 14,STATALE,PARITARIA,2,LICEO SCIENTIFICO STATALE,DIURNO,9,14,NIGUARDA - CA' GRANDA - PRATO CENTENARO - Q.RE FULVIO TESTI,9.190986433,45.50652892,"(45.5065289189963, 9.19098643280961)",,
1064,8,,1514697.194,5036321.586,LL TEATRO ALLA SCALA SERALE,ISTRUZIONE,SCUOLE SECONDARIE DI SECONDO GRADO,LICEO,STUDENTI,SERVIZI PUBBLICI ESISTENTI,105,4329,PZA VENTICINQUE APRILE 8,COMUNALE,PARITARIA,5,LICEO LINGUISTICO CIVICO SERALE,SERALE,1,2,BRERA,9.187695239,45.48008855,"(45.480088549787, 9.1876952389084)",,
1213,19,,1515763.773,5037351.536,LS TECNOLOGICO DON BOSCO,ISTRUZIONE,SCUOLE SECONDARIE DI SECONDO GRADO,LICEO,STUDENTI,SERVIZI PRIVATI ESISTENTI,97,4330,VIA TONALE 19,ENTE PRIVATO RELIGIOSO,PRIVATA PARITARIA,4,LICEO SCIENTIFICO,DIURNO,2,10,STAZIONE CENTRALE - PONTE SEVESO,9.201374959,45.48933586,"(45.4893358630585, 9.20137495867058)",,
7473,1,,1510260.869,5040137.026,LS FRISI,ISTRUZIONE,SCUOLE SECONDARIE DI SECONDO GRADO,LICEO,STUDENTI,SERVIZI PUBBLICI ESISTENTI,37,4042,VIA OTRANTO 1,STATALE,PARITARIA,2,LICEO SCIENTIFICO STATALE,DIURNO,8,76,QUARTO OGGIARO - VIALBA - MUSOCCO,9.131012255,45.51451012,"(45.5145101194897, 9.13101225459406)",,
3364,34,,1519432.193,5034010.927,LS ORIANI MAZZINI,ISTRUZIONE,SCUOLE SECONDARIE DI SECONDO GRADO,LICEO,STUDENTI,SERVIZI PUBBLICI ESISTENTI,14,4038,VIA ZANTE 34,STATALE,PARITARIA,1,LICEO SCIENTIFICO STATALE,DIURNO,4,30,TALIEDO - MORSENCHIO - Q.RE FORLANINI,9.248187663,45.45917504,"(45.4591750354149, 9.24818766265366)",,
5182,13,,1514051.224,5033629.627,ITG MILANO  M.TIRELLI SERALE,ISTRUZIONE,SCUOLE SECONDARIE DI SECONDO GRADO,ISTITUTO TECNICO,STUDENTI,SERVIZI PRIVATI ESISTENTI,64,4126,VIA ARENA 13,ENTE PRIVATO LAICO,PRIVATA PARITARIA,1,ISTITUTO TECNICO COMMERCIALE PER GEOMETRI SERALE,SERALE,1,6,PORTA TICINESE - CONCA DEL NAVIGLIO,9.179353408,45.45587156,"(45.4558715596519, 9.17935340799524)",,
1064,8,,1514697.194,5036321.586,LL CIVICO LICEO LINGUISTICO SERALE,ISTRUZIONE,SCUOLE SECONDARIE DI SECONDO GRADO,LICEO,STUDENTI,SERVIZI PUBBLICI ESISTENTI,10,4334,PZA VENTICINQUE APRILE 8,COMUNALE,PARITARIA,2,LICEO LINGUISTICO CIVICO SERALE,SERALE,1,2,BRERA,9.187695239,45.48008855,"(45.480088549787, 9.1876952389084)",,
6672,12,,1510019.384,5032713.882,LC ALEXIS CARREL,ISTRUZIONE,SCUOLE SECONDARIE DI SECONDO GRADO,LICEO,STUDENTI,SERVIZI PRIVATI ESISTENTI,19,4335,VIA INGANNI ANGELO 12,ENTE PRIVATO LAICO,PRIVATA PARITARIA,1,LICEO CLASSICO,DIURNO,6,53,LORENTEGGIO,9.127769875,45.4476981,"(45.4476980956169, 9.12776987461916)",,
1539,55,,1512581.819,5041068.321,LS VILFREDO FEDERICO PARETO,ISTRUZIONE,SCUOLE SECONDARIE DI SECONDO GRADO,LICEO,STUDENTI,SERVIZI PUBBLICI ESISTENTI,21,4114,VIA LITTA MODIGNANI ALESSANDRO 55,STATALE,PARITARIA,1,LICEO SCIENTIFICO STATALE,DIURNO,9,81,BOVISASCA,9.160750514,45.52285476,"(45.5228547561716, 9.16075051361466)",,
6212,25,,1512846.964,5034395.542,LS NICOLA MORESCHI,ISTRUZIONE,SCUOLE SECONDARIE DI SECONDO GRADO,LICEO,STUDENTI,SERVIZI PUBBLICI ESISTENTI,23,4112,VLE SAN MICHELE DEL CARSO 25,STATALE,PARITARIA,1,LICEO SCIENTIFICO STATALE,DIURNO,1,7,MAGENTA - S. VITTORE,9.163971559,45.46278865,"(45.4627886547616, 9.16397155918112)",,
